key, value, date
Europe, 99618, 1820
Europe, 422853, 1830
Europe, 1369423, 1840
Europe, 2622617, 1850
Europe, 1880389, 1860
Europe, 2252050, 1870
Europe, 4638684, 1880
Europe, 3576411, 1890
Europe, 7572569, 1900
Europe, 4985411, 1910
Europe, 2560340, 1920
Europe, 444404, 1930
Europe, 472524, 1940
Europe, 1404973, 1950
Europe, 1133443, 1960
Europe, 826327, 1970
Europe, 669694, 1980
Europe, 1349219, 1990
Europe, 1349609, 2000
Europe, 95429, 2010
Europe, 90712, 2011
Europe, 86956, 2012
Europe, 91095, 2013
Austria-Hungary, 0, 1820
Austria-Hungary, 0, 1830
Austria-Hungary, 0, 1840
Austria-Hungary, 0, 1850
Austria-Hungary, 3375, 1860
Austria-Hungary, 60127, 1870
Austria-Hungary, 314787, 1880
Austria-Hungary, 534059, 1890
Austria-Hungary, 2001376, 1900
Austria-Hungary, 1154727, 1910
Austria-Hungary, 60891, 1920
Austria-Hungary, 13902, 1930
Austria-Hungary, 13677, 1940
Austria-Hungary, 113015, 1950
Austria-Hungary, 27590, 1960
Austria-Hungary, 20387, 1970
Austria-Hungary, 20437, 1980
Austria-Hungary, 27529, 1990
Austria-Hungary, 33929, 2000
Austria-Hungary, 4325, 2010
Austria-Hungary, 4703, 2011
Austria-Hungary, 3208, 2012
Austria-Hungary, 2061, 2013
Austria, 0, 1820
Austria, 0, 1830
Austria, 0, 1840
Austria, 0, 1850
Austria, 2700, 1860
Austria, 54529, 1870
Austria, 204805, 1880
Austria, 268218, 1890
Austria, 532416, 1900
Austria, 589174, 1910
Austria, 31392, 1920
Austria, 6678, 1930
Austria, 8496, 1940
Austria, 81354, 1950
Austria, 17571, 1960
Austria, 14239, 1970
Austria, 15374, 1980
Austria, 18234, 1990
Austria, 21151, 2000
Austria, 3319, 2010
Austria, 3654, 2011
Austria, 2199, 2012
Austria, 1053, 2013
Hungary, 0, 1820
Hungary, 0, 1830
Hungary, 0, 1840
Hungary, 0, 1850
Hungary, 483, 1860
Hungary, 5598, 1870
Hungary, 109982, 1880
Hungary, 203350, 1890
Hungary, 685567, 1900
Hungary, 565553, 1910
Hungary, 29499, 1920
Hungary, 7224, 1930
Hungary, 5181, 1940
Hungary, 31661, 1950
Hungary, 10019, 1960
Hungary, 6148, 1970
Hungary, 5063, 1980
Hungary, 9295, 1990
Hungary, 12778, 2000
Hungary, 1006, 2010
Hungary, 1049, 2011
Hungary, 1009, 2012
Hungary, 1008, 2013
Belgium, 28, 1820
Belgium, 20, 1830
Belgium, 3996, 1840
Belgium, 5765, 1850
Belgium, 5785, 1860
Belgium, 6991, 1870
Belgium, 18738, 1880
Belgium, 19642, 1890
Belgium, 37429, 1900
Belgium, 32574, 1910
Belgium, 21511, 1920
Belgium, 4013, 1930
Belgium, 12473, 1940
Belgium, 18885, 1950
Belgium, 9647, 1960
Belgium, 5413, 1970
Belgium, 7028, 1980
Belgium, 7077, 1990
Belgium, 8157, 2000
Belgium, 732, 2010
Belgium, 700, 2011
Belgium, 698, 2012
Belgium, 803, 2013
Bulgaria, 0, 1820
Bulgaria, 0, 1830
Bulgaria, 0, 1840
Bulgaria, 0, 1850
Bulgaria, 0, 1860
Bulgaria, 0, 1870
Bulgaria, 0, 1880
Bulgaria, 52, 1890
Bulgaria, 34651, 1900
Bulgaria, 27180, 1910
Bulgaria, 2824, 1920
Bulgaria, 1062, 1930
Bulgaria, 449, 1940
Bulgaria, 97, 1950
Bulgaria, 598, 1960
Bulgaria, 1011, 1970
Bulgaria, 1124, 1980
Bulgaria, 16948, 1990
Bulgaria, 40003, 2000
Bulgaria, 2465, 2010
Bulgaria, 2549, 2011
Bulgaria, 2322, 2012
Bulgaria, 2720, 2013
Czechoslovakia, 0, 1820
Czechoslovakia, 0, 1830
Czechoslovakia, 0, 1840
Czechoslovakia, 0, 1850
Czechoslovakia, 0, 1860
Czechoslovakia, 0, 1870
Czechoslovakia, 0, 1880
Czechoslovakia, 0, 1890
Czechoslovakia, 0, 1900
Czechoslovakia, 0, 1910
Czechoslovakia, 101182, 1920
Czechoslovakia, 17757, 1930
Czechoslovakia, 8475, 1940
Czechoslovakia, 1624, 1950
Czechoslovakia, 2758, 1960
Czechoslovakia, 5654, 1970
Czechoslovakia, 5678, 1980
Czechoslovakia, 8970, 1990
Czechoslovakia, 18691, 2000
Czechoslovakia, 1510, 2010
Czechoslovakia, 1374, 2011
Czechoslovakia, 1316, 2012
Czechoslovakia, 1258, 2013
Denmark, 173, 1820
Denmark, 927, 1830
Denmark, 671, 1840
Denmark, 3227, 1850
Denmark, 13553, 1860
Denmark, 29278, 1870
Denmark, 85342, 1880
Denmark, 56671, 1890
Denmark, 61227, 1900
Denmark, 45830, 1910
Denmark, 34406, 1920
Denmark, 3470, 1930
Denmark, 4549, 1940
Denmark, 10918, 1950
Denmark, 9797, 1960
Denmark, 4405, 1970
Denmark, 4847, 1980
Denmark, 6189, 1990
Denmark, 6049, 2000
Denmark, 545, 2010
Denmark, 473, 2011
Denmark, 492, 2012
Denmark, 546, 2013
Finland, 0, 1820
Finland, 0, 1830
Finland, 0, 1840
Finland, 0, 1850
Finland, 3, 1860
Finland, 286, 1870
Finland, 9617, 1880
Finland, 36719, 1890
Finland, 0, 1900
Finland, 0, 1910
Finland, 16922, 1920
Finland, 2438, 1930
Finland, 2230, 1940
Finland, 4923, 1950
Finland, 4310, 1960
Finland, 2829, 1970
Finland, 2569, 1980
Finland, 3970, 1990
Finland, 3970, 2000
Finland, 414, 2010
Finland, 398, 2011
Finland, 373, 2012
Finland, 360, 2013
France, 7694, 1820
France, 39330, 1830
France, 75300, 1840
France, 81778, 1850
France, 35938, 1860
France, 71901, 1870
France, 48193, 1880
France, 35616, 1890
France, 67735, 1900
France, 60335, 1910
France, 54842, 1920
France, 13761, 1930
France, 36954, 1940
France, 50113, 1950
France, 46975, 1960
France, 27018, 1970
France, 32894, 1980
France, 36552, 1990
France, 45637, 2000
France, 4339, 2010
France, 3967, 2011
France, 4201, 2012
France, 4668, 2013
Germany, 5753, 1820
Germany, 124726, 1830
Germany, 385434, 1840
Germany, 976072, 1850
Germany, 723734, 1860
Germany, 751769, 1870
Germany, 1445181, 1880
Germany, 579072, 1890
Germany, 328722, 1900
Germany, 174227, 1910
Germany, 386634, 1920
Germany, 117736, 1930
Germany, 119403, 1940
Germany, 576905, 1950
Germany, 209616, 1960
Germany, 77142, 1970
Germany, 85752, 1980
Germany, 92207, 1990
Germany, 122373, 2000
Germany, 7929, 2010
Germany, 7072, 2011
Germany, 6732, 2012
Germany, 6880, 2013
Greece, 17, 1820
Greece, 49, 1830
Greece, 17, 1840
Greece, 32, 1850
Greece, 51, 1860
Greece, 209, 1870
Greece, 1807, 1880
Greece, 12732, 1890
Greece, 145402, 1900
Greece, 198108, 1910
Greece, 60774, 1920
Greece, 10599, 1930
Greece, 8605, 1940
Greece, 45153, 1950
Greece, 74173, 1960
Greece, 102370, 1970
Greece, 37729, 1980
Greece, 25403, 1990
Greece, 16841, 2000
Greece, 966, 2010
Greece, 1196, 2011
Greece, 1264, 2012
Greece, 1526, 2013
Ireland, 51617, 1820
Ireland, 170672, 1830
Ireland, 656145, 1840
Ireland, 1029486, 1850
Ireland, 427419, 1860
Ireland, 422264, 1870
Ireland, 674061, 1880
Ireland, 405710, 1890
Ireland, 344940, 1900
Ireland, 166445, 1910
Ireland, 201644, 1920
Ireland, 28195, 1930
Ireland, 15701, 1940
Ireland, 47189, 1950
Ireland, 37788, 1960
Ireland, 11461, 1970
Ireland, 22210, 1980
Ireland, 65384, 1990
Ireland, 15642, 2000
Ireland, 1610, 2010
Ireland, 1533, 2011
Ireland, 1694, 2012
Ireland, 1765, 2013
Italy, 430, 1820
Italy, 2225, 1830
Italy, 1476, 1840
Italy, 8643, 1850
Italy, 9853, 1860
Italy, 46296, 1870
Italy, 267660, 1880
Italy, 603761, 1890
Italy, 1930475, 1900
Italy, 1229916, 1910
Italy, 528133, 1920
Italy, 85053, 1930
Italy, 50509, 1940
Italy, 189061, 1950
Italy, 200111, 1960
Italy, 150031, 1970
Italy, 55562, 1980
Italy, 75992, 1990
Italy, 28329, 2000
Italy, 2956, 2010
Italy, 2670, 2011
Italy, 2946, 2012
Italy, 3233, 2013
Netherlands, 1105, 1820
Netherlands, 1377, 1830
Netherlands, 7624, 1840
Netherlands, 11122, 1850
Netherlands, 8387, 1860
Netherlands, 14267, 1870
Netherlands, 52715, 1880
Netherlands, 29349, 1890
Netherlands, 42463, 1900
Netherlands, 46065, 1910
Netherlands, 29397, 1920
Netherlands, 7791, 1930
Netherlands, 13877, 1940
Netherlands, 46703, 1950
Netherlands, 37918, 1960
Netherlands, 10373, 1970
Netherlands, 11234, 1980
Netherlands, 13345, 1990
Netherlands, 17351, 2000
Netherlands, 1520, 2010
Netherlands, 1258, 2011
Netherlands, 1294, 2012
Netherlands, 1376, 2013
Norway-Sweden, 91, 1820
Norway-Sweden, 1149, 1830
Norway-Sweden, 12389, 1840
Norway-Sweden, 22202, 1850
Norway-Sweden, 82937, 1860
Norway-Sweden, 178823, 1870
Norway-Sweden, 586441, 1880
Norway-Sweden, 334058, 1890
Norway-Sweden, 426981, 1900
Norway-Sweden, 192445, 1910
Norway-Sweden, 170329, 1920
Norway-Sweden, 13452, 1930
Norway-Sweden, 17326, 1940
Norway-Sweden, 44231, 1950
Norway-Sweden, 36150, 1960
Norway-Sweden, 10298, 1970
Norway-Sweden, 13941, 1980
Norway-Sweden, 17825, 1990
Norway-Sweden, 19382, 2000
Norway-Sweden, 1662, 2010
Norway-Sweden, 1530, 2011
Norway-Sweden, 1441, 2012
Norway-Sweden, 1665, 2013
Norway, 0, 1820
Norway, 0, 1830
Norway, 0, 1840
Norway, 0, 1850
Norway, 0, 1860
Norway, 88644, 1870
Norway, 185111, 1880
Norway, 96810, 1890
Norway, 182542, 1900
Norway, 79488, 1910
Norway, 70327, 1920
Norway, 6901, 1930
Norway, 8326, 1940
Norway, 22813, 1950
Norway, 17371, 1960
Norway, 3927, 1970
Norway, 3835, 1980
Norway, 5211, 1990
Norway, 4599, 2000
Norway, 363, 2010
Norway, 405, 2011
Norway, 314, 2012
Norway, 389, 2013
Sweden, 0, 1820
Sweden, 0, 1830
Sweden, 0, 1840
Sweden, 0, 1850
Sweden, 0, 1860
Sweden, 90179, 1870
Sweden, 401330, 1880
Sweden, 237248, 1890
Sweden, 244439, 1900
Sweden, 112957, 1910
Sweden, 100002, 1920
Sweden, 6551, 1930
Sweden, 9000, 1940
Sweden, 21418, 1950
Sweden, 18779, 1960
Sweden, 6371, 1970
Sweden, 10106, 1980
Sweden, 12614, 1990
Sweden, 14783, 2000
Sweden, 1299, 2010
Sweden, 1125, 2011
Sweden, 1127, 2012
Sweden, 1276, 2013
Poland, 19, 1820
Poland, 366, 1830
Poland, 105, 1840
Poland, 1087, 1850
Poland, 1886, 1860
Poland, 11016, 1870
Poland, 42910, 1880
Poland, 107793, 1890
Poland, 0, 1900
Poland, 0, 1910
Poland, 224420, 1920
Poland, 26460, 1930
Poland, 7774, 1940
Poland, 6498, 1950
Poland, 55773, 1960
Poland, 33699, 1970
Poland, 63483, 1980
Poland, 172249, 1990
Poland, 117921, 2000
Poland, 7391, 2010
Poland, 6634, 2011
Poland, 6024, 2012
Poland, 6073, 2013
Portugal, 252, 1820
Portugal, 896, 1830
Portugal, 359, 1840
Portugal, 4218, 1850
Portugal, 4741, 1860
Portugal, 13990, 1870
Portugal, 15189, 1880
Portugal, 25874, 1890
Portugal, 65154, 1900
Portugal, 82489, 1910
Portugal, 44829, 1920
Portugal, 3518, 1930
Portugal, 6765, 1940
Portugal, 13928, 1950
Portugal, 70568, 1960
Portugal, 104754, 1970
Portugal, 42685, 1980
Portugal, 25497, 1990
Portugal, 11479, 2000
Portugal, 759, 2010
Portugal, 878, 2011
Portugal, 837, 2012
Portugal, 917, 2013
Romania, 0, 1820
Romania, 0, 1830
Romania, 0, 1840
Romania, 0, 1850
Romania, 0, 1860
Romania, 0, 1870
Romania, 5842, 1880
Romania, 6808, 1890
Romania, 57322, 1900
Romania, 13566, 1910
Romania, 67810, 1920
Romania, 5264, 1930
Romania, 1254, 1940
Romania, 914, 1950
Romania, 2339, 1960
Romania, 10774, 1970
Romania, 24753, 1980
Romania, 48136, 1990
Romania, 52154, 2000
Romania, 3735, 2010
Romania, 3679, 2011
Romania, 3477, 2012
Romania, 3475, 2013
Russia, 86, 1820
Russia, 280, 1830
Russia, 520, 1840
Russia, 423, 1850
Russia, 1667, 1860
Russia, 34977, 1870
Russia, 173081, 1880
Russia, 413382, 1890
Russia, 1501301, 1900
Russia, 1106998, 1910
Russia, 61604, 1920
Russia, 2473, 1930
Russia, 605, 1940
Russia, 453, 1950
Russia, 2329, 1960
Russia, 28132, 1970
Russia, 33311, 1980
Russia, 433427, 1990
Russia, 167152, 2000
Russia, 7502, 2010
Russia, 8548, 2011
Russia, 10114, 2012
Russia, 10154, 2013
Spain, 2866, 1820
Spain, 2016, 1830
Spain, 1917, 1840
Spain, 8803, 1850
Spain, 6970, 1860
Spain, 5571, 1870
Spain, 3999, 1880
Spain, 9189, 1890
Spain, 24818, 1900
Spain, 53262, 1910
Spain, 47109, 1920
Spain, 3669, 1930
Spain, 2774, 1940
Spain, 6880, 1950
Spain, 40793, 1960
Spain, 41718, 1970
Spain, 22783, 1980
Spain, 18443, 1990
Spain, 17695, 2000
Spain, 2040, 2010
Spain, 2319, 2011
Spain, 2316, 2012
Spain, 2970, 2013
Switzerland, 3148, 1820
Switzerland, 4430, 1830
Switzerland, 4819, 1840
Switzerland, 24423, 1850
Switzerland, 21124, 1860
Switzerland, 25212, 1870
Switzerland, 81151, 1880
Switzerland, 37020, 1890
Switzerland, 32541, 1900
Switzerland, 22839, 1910
Switzerland, 31772, 1920
Switzerland, 5990, 1930
Switzerland, 9904, 1940
Switzerland, 17577, 1950
Switzerland, 19193, 1960
Switzerland, 8536, 1970
Switzerland, 8316, 1980
Switzerland, 11768, 1990
Switzerland, 12173, 2000
Switzerland, 868, 2010
Switzerland, 861, 2011
Switzerland, 916, 2012
Switzerland, 1040, 2013
United Kingdom, 26336, 1820
United Kingdom, 74350, 1830
United Kingdom, 218572, 1840
United Kingdom, 445322, 1850
United Kingdom, 532956, 1860
United Kingdom, 578447, 1870
United Kingdom, 810900, 1880
United Kingdom, 328759, 1890
United Kingdom, 469518, 1900
United Kingdom, 371878, 1910
United Kingdom, 342762, 1920
United Kingdom, 61813, 1930
United Kingdom, 131794, 1940
United Kingdom, 195709, 1950
United Kingdom, 220213, 1960
United Kingdom, 133218, 1970
United Kingdom, 153644, 1980
United Kingdom, 156182, 1990
United Kingdom, 171979, 2000
United Kingdom, 14781, 2010
United Kingdom, 13443, 2011
United Kingdom, 13938, 2012
United Kingdom, 15321, 2013
Yugoslavia, 0, 1820
Yugoslavia, 0, 1830
Yugoslavia, 0, 1840
Yugoslavia, 0, 1850
Yugoslavia, 0, 1860
Yugoslavia, 0, 1870
Yugoslavia, 0, 1880
Yugoslavia, 0, 1890
Yugoslavia, 0, 1900
Yugoslavia, 0, 1910
Yugoslavia, 49215, 1920
Yugoslavia, 6920, 1930
Yugoslavia, 2039, 1940
Yugoslavia, 6966, 1950
Yugoslavia, 17990, 1960
Yugoslavia, 31862, 1970
Yugoslavia, 16267, 1980
Yugoslavia, 57039, 1990
Yugoslavia, 131831, 2000
Yugoslavia, 4772, 2010
Yugoslavia, 4611, 2011
Yugoslavia, 4488, 2012
Yugoslavia, 4445, 2013
Other Europe, 3, 1820
Other Europe, 40, 1830
Other Europe, 79, 1840
Other Europe, 14, 1850
Other Europe, 10, 1860
Other Europe, 626, 1870
Other Europe, 1070, 1880
Other Europe, 145, 1890
Other Europe, 514, 1900
Other Europe, 6527, 1910
Other Europe, 21330, 1920
Other Europe, 9068, 1930
Other Europe, 5387, 1940
Other Europe, 7231, 1950
Other Europe, 6814, 1960
Other Europe, 5242, 1970
Other Europe, 3447, 1980
Other Europe, 29087, 1990
Other Europe, 290871, 2000
Other Europe, 22608, 2010
Other Europe, 20316, 2011
Other Europe, 16865, 2012
Other Europe, 17839, 2013
Asia, 34, 1820
Asia, 55, 1830
Asia, 121, 1840
Asia, 36080, 1850
Asia, 54408, 1860
Asia, 134071, 1870
Asia, 71152, 1880
Asia, 61304, 1890
Asia, 300441, 1900
Asia, 269736, 1910
Asia, 126740, 1920
Asia, 19292, 1930
Asia, 34532, 1940
Asia, 135844, 1950
Asia, 358563, 1960
Asia, 1406526, 1970
Asia, 2391356, 1980
Asia, 2859899, 1990
Asia, 3470835, 2000
Asia, 410209, 2010
Asia, 438580, 2011
Asia, 416488, 2012
Asia, 389301, 2013
China, 3, 1820
China, 8, 1830
China, 32, 1840
China, 35933, 1850
China, 54028, 1860
China, 133139, 1870
China, 65797, 1880
China, 15268, 1890
China, 19884, 1900
China, 20916, 1910
China, 30648, 1920
China, 5874, 1930
China, 16072, 1940
China, 8836, 1950
China, 14060, 1960
China, 17627, 1970
China, 170897, 1980
China, 342058, 1990
China, 591711, 2000
China, 67634, 2010
China, 83603, 2011
China, 78184, 2012
China, 68410, 2013
Hong Kong, 0, 1820
Hong Kong, 0, 1830
Hong Kong, 0, 1840
Hong Kong, 0, 1850
Hong Kong, 0, 1860
Hong Kong, 0, 1870
Hong Kong, 0, 1880
Hong Kong, 0, 1890
Hong Kong, 0, 1900
Hong Kong, 0, 1910
Hong Kong, 0, 1920
Hong Kong, 0, 1930
Hong Kong, 0, 1940
Hong Kong, 13781, 1950
Hong Kong, 67047, 1960
Hong Kong, 117350, 1970
Hong Kong, 112132, 1980
Hong Kong, 116894, 1990
Hong Kong, 57583, 2000
Hong Kong, 3263, 2010
Hong Kong, 3149, 2011
Hong Kong, 2642, 2012
Hong Kong, 2614, 2013
India, 9, 1820
India, 38, 1830
India, 33, 1840
India, 42, 1850
India, 50, 1860
India, 166, 1870
India, 247, 1880
India, 102, 1890
India, 3026, 1900
India, 3478, 1910
India, 2076, 1920
India, 554, 1930
India, 1692, 1940
India, 1922, 1950
India, 18638, 1960
India, 148018, 1970
India, 231649, 1980
India, 352528, 1990
India, 590464, 2000
India, 66185, 2010
India, 66331, 2011
India, 63320, 2012
India, 65506, 2013
Iran, 0, 1820
Iran, 0, 1830
Iran, 7, 1840
Iran, 0, 1850
Iran, 4, 1860
Iran, 17, 1870
Iran, 18, 1880
Iran, 26, 1890
Iran, 0, 1900
Iran, 0, 1910
Iran, 208, 1920
Iran, 198, 1930
Iran, 1144, 1940
Iran, 3195, 1950
Iran, 9059, 1960
Iran, 33763, 1970
Iran, 98141, 1980
Iran, 76899, 1990
Iran, 76755, 2000
Iran, 9078, 2010
Iran, 9015, 2011
Iran, 8955, 2012
Iran, 9658, 2013
Israel, 0, 1820
Israel, 0, 1830
Israel, 0, 1840
Israel, 0, 1850
Israel, 0, 1860
Israel, 0, 1870
Israel, 0, 1880
Israel, 0, 1890
Israel, 0, 1900
Israel, 0, 1910
Israel, 0, 1920
Israel, 0, 1930
Israel, 98, 1940
Israel, 21376, 1950
Israel, 30911, 1960
Israel, 36306, 1970
Israel, 43669, 1980
Israel, 41340, 1990
Israel, 54081, 2000
Israel, 5172, 2010
Israel, 4389, 2011
Israel, 4640, 2012
Israel, 4555, 2013
Japan, 0, 1820
Japan, 0, 1830
Japan, 0, 1840
Japan, 0, 1850
Japan, 138, 1860
Japan, 193, 1870
Japan, 1583, 1880
Japan, 13998, 1890
Japan, 139712, 1900
Japan, 77125, 1910
Japan, 42057, 1920
Japan, 2683, 1930
Japan, 1557, 1940
Japan, 41968, 1950
Japan, 40956, 1960
Japan, 52812, 1970
Japan, 44150, 1980
Japan, 66582, 1990
Japan, 84552, 2000
Japan, 7100, 2010
Japan, 6751, 2011
Japan, 6581, 2012
Japan, 6383, 2013
Jordan, 0, 1820
Jordan, 0, 1830
Jordan, 0, 1840
Jordan, 0, 1850
Jordan, 0, 1860
Jordan, 0, 1870
Jordan, 0, 1880
Jordan, 0, 1890
Jordan, 0, 1900
Jordan, 0, 1910
Jordan, 0, 1920
Jordan, 0, 1930
Jordan, 3, 1940
Jordan, 4919, 1950
Jordan, 9230, 1960
Jordan, 25541, 1970
Jordan, 28928, 1980
Jordan, 42755, 1990
Jordan, 53550, 2000
Jordan, 9327, 2010
Jordan, 8211, 2011
Jordan, 7014, 2012
Jordan, 5949, 2013
Korea, 0, 1820
Korea, 0, 1830
Korea, 0, 1840
Korea, 0, 1850
Korea, 0, 1860
Korea, 0, 1870
Korea, 0, 1880
Korea, 0, 1890
Korea, 0, 1900
Korea, 0, 1910
Korea, 0, 1920
Korea, 0, 1930
Korea, 83, 1940
Korea, 4845, 1950
Korea, 27048, 1960
Korea, 241192, 1970
Korea, 322708, 1980
Korea, 179770, 1990
Korea, 209758, 2000
Korea, 22022, 2010
Korea, 22748, 2011
Korea, 20802, 2012
Korea, 22937, 2013
Philippines, 0, 1820
Philippines, 0, 1830
Philippines, 0, 1840
Philippines, 0, 1850
Philippines, 0, 1860
Philippines, 4, 1870
Philippines, 1, 1880
Philippines, 19, 1890
Philippines, 605, 1900
Philippines, 0, 1910
Philippines, 0, 1920
Philippines, 457, 1930
Philippines, 4099, 1940
Philippines, 17245, 1950
Philippines, 70660, 1960
Philippines, 337726, 1970
Philippines, 502056, 1980
Philippines, 534338, 1990
Philippines, 545463, 2000
Philippines, 56399, 2010
Philippines, 55251, 2011
Philippines, 55441, 2012
Philippines, 52955, 2013
Syria, 0, 1820
Syria, 0, 1830
Syria, 0, 1840
Syria, 0, 1850
Syria, 2, 1860
Syria, 7, 1870
Syria, 140, 1880
Syria, 0, 1890
Syria, 0, 1900
Syria, 0, 1910
Syria, 5307, 1920
Syria, 2188, 1930
Syria, 1179, 1940
Syria, 1091, 1950
Syria, 2432, 1960
Syria, 8086, 1970
Syria, 14534, 1980
Syria, 22906, 1990
Syria, 30807, 2000
Syria, 7424, 2010
Syria, 7983, 2011
Syria, 6674, 2012
Syria, 3999, 2013
Taiwan, 0, 1820
Taiwan, 0, 1830
Taiwan, 0, 1840
Taiwan, 0, 1850
Taiwan, 0, 1860
Taiwan, 0, 1870
Taiwan, 0, 1880
Taiwan, 0, 1890
Taiwan, 0, 1900
Taiwan, 0, 1910
Taiwan, 0, 1920
Taiwan, 0, 1930
Taiwan, 0, 1940
Taiwan, 721, 1950
Taiwan, 15657, 1960
Taiwan, 83155, 1970
Taiwan, 119051, 1980
Taiwan, 132647, 1990
Taiwan, 92657, 2000
Taiwan, 6785, 2010
Taiwan, 6206, 2011
Taiwan, 5295, 2012
Taiwan, 5336, 2013
Turkey, 19, 1820
Turkey, 8, 1830
Turkey, 45, 1840
Turkey, 94, 1850
Turkey, 129, 1860
Turkey, 382, 1870
Turkey, 2478, 1880
Turkey, 27510, 1890
Turkey, 127999, 1900
Turkey, 160717, 1910
Turkey, 40374, 1920
Turkey, 1314, 1930
Turkey, 754, 1940
Turkey, 2980, 1950
Turkey, 9464, 1960
Turkey, 12209, 1970
Turkey, 19208, 1980
Turkey, 38687, 1990
Turkey, 48394, 2000
Turkey, 7435, 2010
Turkey, 9040, 2011
Turkey, 7362, 2012
Turkey, 7189, 2013
Vietnam, 0, 1820
Vietnam, 0, 1830
Vietnam, 0, 1840
Vietnam, 0, 1850
Vietnam, 0, 1860
Vietnam, 0, 1870
Vietnam, 0, 1880
Vietnam, 0, 1890
Vietnam, 0, 1900
Vietnam, 0, 1910
Vietnam, 0, 1920
Vietnam, 0, 1930
Vietnam, 0, 1940
Vietnam, 290, 1950
Vietnam, 2949, 1960
Vietnam, 121716, 1970
Vietnam, 200632, 1980
Vietnam, 275379, 1990
Vietnam, 289616, 2000
Vietnam, 30065, 2010
Vietnam, 33486, 2011
Vietnam, 27578, 2012
Vietnam, 26578, 2013
Other Asia, 3, 1820
Other Asia, 1, 1830
Other Asia, 4, 1840
Other Asia, 11, 1850
Other Asia, 57, 1860
Other Asia, 163, 1870
Other Asia, 888, 1880
Other Asia, 4381, 1890
Other Asia, 9215, 1900
Other Asia, 7500, 1910
Other Asia, 6070, 1920
Other Asia, 6024, 1930
Other Asia, 7851, 1940
Other Asia, 12675, 1950
Other Asia, 40452, 1960
Other Asia, 171025, 1970
Other Asia, 483601, 1980
Other Asia, 637116, 1990
Other Asia, 745444, 2000
Other Asia, 112320, 2010
Other Asia, 122417, 2011
Other Asia, 122000, 2012
Other Asia, 107232, 2013
America, 9656, 1820
America, 31911, 1830
America, 50527, 1840
America, 84201, 1850
America, 130427, 1860
America, 345889, 1870
America, 529845, 1880
America, 38756, 1890
America, 277882, 1900
America, 1070539, 1910
America, 1591278, 1920
America, 230319, 1930
America, 328435, 1940
America, 921644, 1950
America, 1674185, 1960
America, 1903636, 1970
America, 2694504, 1980
America, 5137142, 1990
America, 4441529, 2000
America, 426981, 2010
America, 423277, 2011
America, 409664, 2012
America, 399380, 2013
Canada and Newfoundland, 2297, 1820
Canada and Newfoundland, 11875, 1830
Canada and Newfoundland, 34285, 1840
Canada and Newfoundland, 64171, 1850
Canada and Newfoundland, 117975, 1860
Canada and Newfoundland, 323974, 1870
Canada and Newfoundland, 492508, 1880
Canada and Newfoundland, 2668, 1890
Canada and Newfoundland, 123067, 1900
Canada and Newfoundland, 708715, 1910
Canada and Newfoundland, 949286, 1920
Canada and Newfoundland, 162703, 1930
Canada and Newfoundland, 160911, 1940
Canada and Newfoundland, 353169, 1950
Canada and Newfoundland, 433128, 1960
Canada and Newfoundland, 179267, 1970
Canada and Newfoundland, 156313, 1980
Canada and Newfoundland, 194788, 1990
Canada and Newfoundland, 236349, 2000
Canada and Newfoundland, 19491, 2010
Canada and Newfoundland, 19506, 2011
Canada and Newfoundland, 20138, 2012
Canada and Newfoundland, 20489, 2013
Mexico, 3835, 1820
Mexico, 7187, 1830
Mexico, 3069, 1840
Mexico, 3446, 1850
Mexico, 1957, 1860
Mexico, 5133, 1870
Mexico, 2405, 1880
Mexico, 734, 1890
Mexico, 31188, 1900
Mexico, 185334, 1910
Mexico, 498945, 1920
Mexico, 32709, 1930
Mexico, 56158, 1940
Mexico, 273847, 1950
Mexico, 441824, 1960
Mexico, 621218, 1970
Mexico, 1009586, 1980
Mexico, 2757418, 1990
Mexico, 1704166, 2000
Mexico, 138717, 2010
Mexico, 142823, 2011
Mexico, 145326, 2012
Mexico, 134198, 2013
Caribbean, 3061, 1820
Caribbean, 11792, 1830
Caribbean, 11803, 1840
Caribbean, 12447, 1850
Caribbean, 8809, 1860
Caribbean, 14592, 1870
Caribbean, 27600, 1880
Caribbean, 31885, 1890
Caribbean, 100960, 1900
Caribbean, 120860, 1910
Caribbean, 83482, 1920
Caribbean, 18052, 1930
Caribbean, 46285, 1940
Caribbean, 115869, 1950
Caribbean, 427843, 1960
Caribbean, 708643, 1970
Caribbean, 789343, 1980
Caribbean, 1004114, 1990
Caribbean, 1053357, 2000
Caribbean, 139389, 2010
Caribbean, 133012, 2011
Caribbean, 126615, 2012
Caribbean, 121349, 2013
Cuba, 0, 1820
Cuba, 0, 1830
Cuba, 0, 1840
Cuba, 0, 1850
Cuba, 3420, 1860
Cuba, 8705, 1870
Cuba, 20134, 1880
Cuba, 23669, 1890
Cuba, 0, 1900
Cuba, 0, 1910
Cuba, 12769, 1920
Cuba, 10641, 1930
Cuba, 25976, 1940
Cuba, 73221, 1950
Cuba, 202030, 1960
Cuba, 256497, 1970
Cuba, 132552, 1980
Cuba, 159037, 1990
Cuba, 271742, 2000
Cuba, 33372, 2010
Cuba, 36261, 2011
Cuba, 32551, 2012
Cuba, 31343, 2013
Dominican Republic, 0, 1820
Dominican Republic, 0, 1830
Dominican Republic, 0, 1840
Dominican Republic, 0, 1850
Dominican Republic, 0, 1860
Dominican Republic, 0, 1870
Dominican Republic, 0, 1880
Dominican Republic, 0, 1890
Dominican Republic, 0, 1900
Dominican Republic, 0, 1910
Dominican Republic, 0, 1920
Dominican Republic, 1165, 1930
Dominican Republic, 4802, 1940
Dominican Republic, 10219, 1950
Dominican Republic, 83552, 1960
Dominican Republic, 139249, 1970
Dominican Republic, 221552, 1980
Dominican Republic, 359818, 1990
Dominican Republic, 291492, 2000
Dominican Republic, 53890, 2010
Dominican Republic, 46036, 2011
Dominican Republic, 41535, 2012
Dominican Republic, 41487, 2013
Haiti, 0, 1820
Haiti, 0, 1830
Haiti, 0, 1840
Haiti, 0, 1850
Haiti, 78, 1860
Haiti, 149, 1870
Haiti, 124, 1880
Haiti, 101, 1890
Haiti, 0, 1900
Haiti, 0, 1910
Haiti, 0, 1920
Haiti, 207, 1930
Haiti, 823, 1940
Haiti, 3787, 1950
Haiti, 28992, 1960
Haiti, 55166, 1970
Haiti, 121406, 1980
Haiti, 177446, 1990
Haiti, 203827, 2000
Haiti, 22336, 2010
Haiti, 21802, 2011
Haiti, 22446, 2012
Haiti, 20083, 2013
Jamaica, 0, 1820
Jamaica, 0, 1830
Jamaica, 0, 1840
Jamaica, 0, 1850
Jamaica, 61, 1860
Jamaica, 257, 1870
Jamaica, 355, 1880
Jamaica, 223, 1890
Jamaica, 0, 1900
Jamaica, 0, 1910
Jamaica, 0, 1920
Jamaica, 0, 1930
Jamaica, 0, 1940
Jamaica, 7397, 1950
Jamaica, 62218, 1960
Jamaica, 130226, 1970
Jamaica, 193874, 1980
Jamaica, 177143, 1990
Jamaica, 172523, 2000
Jamaica, 19439, 2010
Jamaica, 19298, 2011
Jamaica, 20300, 2012
Jamaica, 19052, 2013
Other Caribbean, 3061, 1820
Other Caribbean, 11792, 1830
Other Caribbean, 11803, 1840
Other Caribbean, 12447, 1850
Other Caribbean, 5250, 1860
Other Caribbean, 5481, 1870
Other Caribbean, 6987, 1880
Other Caribbean, 7892, 1890
Other Caribbean, 100960, 1900
Other Caribbean, 120860, 1910
Other Caribbean, 70713, 1920
Other Caribbean, 6039, 1930
Other Caribbean, 14684, 1940
Other Caribbean, 21245, 1950
Other Caribbean, 51051, 1960
Other Caribbean, 127505, 1970
Other Caribbean, 119959, 1980
Other Caribbean, 130670, 1990
Other Caribbean, 113773, 2000
Other Caribbean, 10352, 2010
Other Caribbean, 9615, 2011
Other Caribbean, 9783, 2012
Other Caribbean, 9384, 2013
Central America, 57, 1820
Central America, 94, 1830
Central America, 297, 1840
Central America, 512, 1850
Central America, 70, 1860
Central America, 202, 1870
Central America, 359, 1880
Central America, 674, 1890
Central America, 7341, 1900
Central America, 15692, 1910
Central America, 16511, 1920
Central America, 6840, 1930
Central America, 20135, 1940
Central America, 40201, 1950
Central America, 98569, 1960
Central America, 120376, 1970
Central America, 339376, 1980
Central America, 610189, 1990
Central America, 591130, 2000
Central America, 43597, 2010
Central America, 43249, 2011
Central America, 39837, 2012
Central America, 44056, 2013
Belize, 0, 1820
Belize, 0, 1830
Belize, 0, 1840
Belize, 0, 1850
Belize, 9, 1860
Belize, 26, 1870
Belize, 80, 1880
Belize, 25, 1890
Belize, 583, 1900
Belize, 40, 1910
Belize, 285, 1920
Belize, 193, 1930
Belize, 433, 1940
Belize, 1133, 1950
Belize, 4185, 1960
Belize, 6747, 1970
Belize, 14964, 1980
Belize, 12600, 1990
Belize, 9682, 2000
Belize, 997, 2010
Belize, 933, 2011
Belize, 875, 2012
Belize, 969, 2013
Costa Rica, 0, 1820
Costa Rica, 0, 1830
Costa Rica, 0, 1840
Costa Rica, 0, 1850
Costa Rica, 2, 1860
Costa Rica, 4, 1870
Costa Rica, 1, 1880
Costa Rica, 4, 1890
Costa Rica, 0, 1900
Costa Rica, 0, 1910
Costa Rica, 0, 1920
Costa Rica, 580, 1930
Costa Rica, 1965, 1940
Costa Rica, 4044, 1950
Costa Rica, 17975, 1960
Costa Rica, 12405, 1970
Costa Rica, 25017, 1980
Costa Rica, 17054, 1990
Costa Rica, 21571, 2000
Costa Rica, 2306, 2010
Costa Rica, 2230, 2011
Costa Rica, 2152, 2012
Costa Rica, 2232, 2013
El Salvador, 0, 1820
El Salvador, 0, 1830
El Salvador, 0, 1840
El Salvador, 0, 1850
El Salvador, 0, 1860
El Salvador, 3, 1870
El Salvador, 0, 1880
El Salvador, 7, 1890
El Salvador, 0, 1900
El Salvador, 0, 1910
El Salvador, 0, 1920
El Salvador, 712, 1930
El Salvador, 4885, 1940
El Salvador, 5094, 1950
El Salvador, 14405, 1960
El Salvador, 29428, 1970
El Salvador, 137418, 1980
El Salvador, 273017, 1990
El Salvador, 251237, 2000
El Salvador, 18547, 2010
El Salvador, 18477, 2011
El Salvador, 15874, 2012
El Salvador, 18015, 2013
Guatemala, 0, 1820
Guatemala, 0, 1830
Guatemala, 0, 1840
Guatemala, 0, 1850
Guatemala, 1, 1860
Guatemala, 10, 1870
Guatemala, 3, 1880
Guatemala, 9, 1890
Guatemala, 0, 1900
Guatemala, 0, 1910
Guatemala, 0, 1920
Guatemala, 632, 1930
Guatemala, 1303, 1940
Guatemala, 4197, 1950
Guatemala, 14357, 1960
Guatemala, 23837, 1970
Guatemala, 58847, 1980
Guatemala, 126043, 1990
Guatemala, 156992, 2000
Guatemala, 10263, 2010
Guatemala, 10795, 2011
Guatemala, 9857, 2012
Guatemala, 9829, 2013
Honduras, 0, 1820
Honduras, 0, 1830
Honduras, 0, 1840
Honduras, 0, 1850
Honduras, 0, 1860
Honduras, 11, 1870
Honduras, 4, 1880
Honduras, 4, 1890
Honduras, 0, 1900
Honduras, 0, 1910
Honduras, 0, 1920
Honduras, 809, 1930
Honduras, 1874, 1940
Honduras, 5320, 1950
Honduras, 15087, 1960
Honduras, 15653, 1970
Honduras, 39071, 1980
Honduras, 72880, 1990
Honduras, 63513, 2000
Honduras, 6381, 2010
Honduras, 6053, 2011
Honduras, 6773, 2012
Honduras, 8795, 2013
Nicaragua, 0, 1820
Nicaragua, 0, 1830
Nicaragua, 0, 1840
Nicaragua, 0, 1850
Nicaragua, 0, 1860
Nicaragua, 1, 1870
Nicaragua, 1, 1880
Nicaragua, 3, 1890
Nicaragua, 0, 1900
Nicaragua, 0, 1910
Nicaragua, 0, 1920
Nicaragua, 564, 1930
Nicaragua, 4393, 1940
Nicaragua, 7812, 1950
Nicaragua, 10383, 1960
Nicaragua, 10911, 1970
Nicaragua, 31102, 1980
Nicaragua, 80446, 1990
Nicaragua, 70015, 2000
Nicaragua, 3476, 2010
Nicaragua, 3314, 2011
Nicaragua, 2943, 2012
Nicaragua, 2940, 2013
Panama, 0, 1820
Panama, 0, 1830
Panama, 0, 1840
Panama, 0, 1850
Panama, 0, 1860
Panama, 0, 1870
Panama, 0, 1880
Panama, 0, 1890
Panama, 0, 1900
Panama, 0, 1910
Panama, 0, 1920
Panama, 1774, 1930
Panama, 5282, 1940
Panama, 12601, 1950
Panama, 22177, 1960
Panama, 21395, 1970
Panama, 32957, 1980
Panama, 28149, 1990
Panama, 18120, 2000
Panama, 1627, 2010
Panama, 1447, 2011
Panama, 1363, 2012
Panama, 1276, 2013
Other Central America, 57, 1820
Other Central America, 94, 1830
Other Central America, 297, 1840
Other Central America, 512, 1850
Other Central America, 58, 1860
Other Central America, 147, 1870
Other Central America, 270, 1880
Other Central America, 622, 1890
Other Central America, 6758, 1900
Other Central America, 15652, 1910
Other Central America, 16226, 1920
Other Central America, 1576, 1930
Other Central America, 0, 1940
Other Central America, 0, 1950
Other Central America, 0, 1960
Other Central America, 0, 1970
Other Central America, 0, 1980
Other Central America, 0, 1990
Other Central America, 0, 2000
Other Central America, 0, 2010
Other Central America, 0, 2011
Other Central America, 0, 2012
Other Central America, 0, 2013
South America, 405, 1820
South America, 957, 1830
South America, 1062, 1840
South America, 3569, 1850
South America, 1536, 1860
South America, 1109, 1870
South America, 1954, 1880
South America, 1389, 1890
South America, 15253, 1900
South America, 39938, 1910
South America, 43025, 1920
South America, 9990, 1930
South America, 19662, 1940
South America, 78418, 1950
South America, 250754, 1960
South America, 273529, 1970
South America, 399803, 1980
South America, 570596, 1990
South America, 856508, 2000
South America, 85783, 2010
South America, 84687, 2011
South America, 77748, 2012
South America, 79287, 2013
Argentina, 0, 1820
Argentina, 0, 1830
Argentina, 0, 1840
Argentina, 0, 1850
Argentina, 7, 1860
Argentina, 58, 1870
Argentina, 64, 1880
Argentina, 36, 1890
Argentina, 0, 1900
Argentina, 0, 1910
Argentina, 0, 1920
Argentina, 1397, 1930
Argentina, 3108, 1940
Argentina, 16346, 1950
Argentina, 49384, 1960
Argentina, 30303, 1970
Argentina, 23442, 1980
Argentina, 30065, 1990
Argentina, 47955, 2000
Argentina, 4312, 2010
Argentina, 4335, 2011
Argentina, 4218, 2012
Argentina, 4227, 2013
Bolivia, 0, 1820
Bolivia, 0, 1830
Bolivia, 0, 1840
Bolivia, 0, 1850
Bolivia, 0, 1860
Bolivia, 5, 1870
Bolivia, 0, 1880
Bolivia, 0, 1890
Bolivia, 0, 1900
Bolivia, 0, 1910
Bolivia, 0, 1920
Bolivia, 77, 1930
Bolivia, 893, 1940
Bolivia, 2759, 1950
Bolivia, 6205, 1960
Bolivia, 5635, 1970
Bolivia, 9798, 1980
Bolivia, 18111, 1990
Bolivia, 21921, 2000
Bolivia, 2211, 2010
Bolivia, 2113, 2011
Bolivia, 1920, 2012
Bolivia, 2005, 2013
Brazil, 0, 1820
Brazil, 0, 1830
Brazil, 0, 1840
Brazil, 0, 1850
Brazil, 32, 1860
Brazil, 219, 1870
Brazil, 199, 1880
Brazil, 92, 1890
Brazil, 0, 1900
Brazil, 0, 1910
Brazil, 4627, 1920
Brazil, 1468, 1930
Brazil, 3653, 1940
Brazil, 11547, 1950
Brazil, 29238, 1960
Brazil, 18600, 1970
Brazil, 22944, 1980
Brazil, 50744, 1990
Brazil, 115404, 2000
Brazil, 12057, 2010
Brazil, 11643, 2011
Brazil, 11248, 2012
Brazil, 10772, 2013
Chile, 0, 1820
Chile, 0, 1830
Chile, 0, 1840
Chile, 0, 1850
Chile, 25, 1860
Chile, 92, 1870
Chile, 44, 1880
Chile, 66, 1890
Chile, 0, 1900
Chile, 0, 1910
Chile, 0, 1920
Chile, 568, 1930
Chile, 1320, 1940
Chile, 4669, 1950
Chile, 12384, 1960
Chile, 15032, 1970
Chile, 19749, 1980
Chile, 18200, 1990
Chile, 19792, 2000
Chile, 1940, 2010
Chile, 1854, 2011
Chile, 1628, 2012
Chile, 1751, 2013
Colombia, 0, 1820
Colombia, 0, 1830
Colombia, 0, 1840
Colombia, 0, 1850
Colombia, 2, 1860
Colombia, 196, 1870
Colombia, 1210, 1880
Colombia, 607, 1890
Colombia, 0, 1900
Colombia, 0, 1910
Colombia, 0, 1920
Colombia, 1278, 1930
Colombia, 3454, 1940
Colombia, 15567, 1950
Colombia, 68371, 1960
Colombia, 71265, 1970
Colombia, 105494, 1980
Colombia, 137985, 1990
Colombia, 236570, 2000
Colombia, 21861, 2010
Colombia, 22130, 2011
Colombia, 20272, 2012
Colombia, 20611, 2013
Ecuador, 0, 1820
Ecuador, 0, 1830
Ecuador, 0, 1840
Ecuador, 0, 1850
Ecuador, 0, 1860
Ecuador, 7, 1870
Ecuador, 14, 1880
Ecuador, 33, 1890
Ecuador, 0, 1900
Ecuador, 0, 1910
Ecuador, 0, 1920
Ecuador, 320, 1930
Ecuador, 2207, 1940
Ecuador, 8574, 1950
Ecuador, 34107, 1960
Ecuador, 47464, 1970
Ecuador, 48015, 1980
Ecuador, 81358, 1990
Ecuador, 107977, 2000
Ecuador, 11463, 2010
Ecuador, 11068, 2011
Ecuador, 9284, 2012
Ecuador, 10553, 2013
Guyana, 0, 1820
Guyana, 0, 1830
Guyana, 0, 1840
Guyana, 0, 1850
Guyana, 41, 1860
Guyana, 95, 1870
Guyana, 68, 1880
Guyana, 27, 1890
Guyana, 0, 1900
Guyana, 0, 1910
Guyana, 0, 1920
Guyana, 193, 1930
Guyana, 596, 1940
Guyana, 1131, 1950
Guyana, 4546, 1960
Guyana, 38278, 1970
Guyana, 85886, 1980
Guyana, 74407, 1990
Guyana, 70373, 2000
Guyana, 6441, 2010
Guyana, 6288, 2011
Guyana, 5282, 2012
Guyana, 5564, 2013
Paraguay, 0, 1820
Paraguay, 0, 1830
Paraguay, 0, 1840
Paraguay, 0, 1850
Paraguay, 0, 1860
Paraguay, 2, 1870
Paraguay, 0, 1880
Paraguay, 0, 1890
Paraguay, 0, 1900
Paraguay, 0, 1910
Paraguay, 0, 1920
Paraguay, 36, 1930
Paraguay, 85, 1940
Paraguay, 576, 1950
Paraguay, 1249, 1960
Paraguay, 1486, 1970
Paraguay, 3518, 1980
Paraguay, 6082, 1990
Paraguay, 4623, 2000
Paraguay, 449, 2010
Paraguay, 501, 2011
Paraguay, 454, 2012
Paraguay, 437, 2013
Peru, 0, 1820
Peru, 0, 1830
Peru, 0, 1840
Peru, 0, 1850
Peru, 35, 1860
Peru, 127, 1870
Peru, 25, 1880
Peru, 79, 1890
Peru, 0, 1900
Peru, 0, 1910
Peru, 0, 1920
Peru, 460, 1930
Peru, 1273, 1940
Peru, 5980, 1950
Peru, 19783, 1960
Peru, 25311, 1970
Peru, 49958, 1980
Peru, 110117, 1990
Peru, 137614, 2000
Peru, 14063, 2010
Peru, 13836, 2011
Peru, 12414, 2012
Peru, 12370, 2013
Suriname, 0, 1820
Suriname, 0, 1830
Suriname, 0, 1840
Suriname, 0, 1850
Suriname, 0, 1860
Suriname, 0, 1870
Suriname, 0, 1880
Suriname, 0, 1890
Suriname, 0, 1900
Suriname, 0, 1910
Suriname, 0, 1920
Suriname, 33, 1930
Suriname, 130, 1940
Suriname, 299, 1950
Suriname, 612, 1960
Suriname, 714, 1970
Suriname, 1357, 1980
Suriname, 2285, 1990
Suriname, 2363, 2000
Suriname, 202, 2010
Suriname, 167, 2011
Suriname, 216, 2012
Suriname, 170, 2013
Uruguay, 0, 1820
Uruguay, 0, 1830
Uruguay, 0, 1840
Uruguay, 0, 1850
Uruguay, 0, 1860
Uruguay, 22, 1870
Uruguay, 4, 1880
Uruguay, 144, 1890
Uruguay, 0, 1900
Uruguay, 0, 1910
Uruguay, 0, 1920
Uruguay, 153, 1930
Uruguay, 754, 1940
Uruguay, 1026, 1950
Uruguay, 4089, 1960
Uruguay, 8416, 1970
Uruguay, 7235, 1980
Uruguay, 6062, 1990
Uruguay, 9827, 2000
Uruguay, 1286, 2010
Uruguay, 1521, 2011
Uruguay, 1348, 2012
Uruguay, 1314, 2013
Venezuela, 0, 1820
Venezuela, 0, 1830
Venezuela, 0, 1840
Venezuela, 0, 1850
Venezuela, 36, 1860
Venezuela, 190, 1870
Venezuela, 248, 1880
Venezuela, 0, 1890
Venezuela, 0, 1900
Venezuela, 0, 1910
Venezuela, 0, 1920
Venezuela, 1360, 1930
Venezuela, 2182, 1940
Venezuela, 9927, 1950
Venezuela, 20758, 1960
Venezuela, 11007, 1970
Venezuela, 22405, 1980
Venezuela, 35180, 1990
Venezuela, 82087, 2000
Venezuela, 9497, 2010
Venezuela, 9229, 2011
Venezuela, 9464, 2012
Venezuela, 9512, 2013
Other South America, 405, 1820
Other South America, 957, 1830
Other South America, 1062, 1840
Other South America, 3569, 1850
Other South America, 1358, 1860
Other South America, 96, 1870
Other South America, 78, 1880
Other South America, 305, 1890
Other South America, 15253, 1900
Other South America, 39938, 1910
Other South America, 38398, 1920
Other South America, 2647, 1930
Other South America, 7, 1940
Other South America, 17, 1950
Other South America, 28, 1960
Other South America, 18, 1970
Other South America, 2, 1980
Other South America, 0, 1990
Other South America, 2, 2000
Other South America, 1, 2010
Other South America, 2, 2011
Other South America, 0, 2012
Other South America, 1, 2013
Other America, 1, 1820
Other America, 6, 1830
Other America, 11, 1840
Other America, 56, 1850
Other America, 80, 1860
Other America, 879, 1870
Other America, 5019, 1880
Other America, 1406, 1890
Other America, 73, 1900
Other America, 0, 1910
Other America, 29, 1920
Other America, 25, 1930
Other America, 25284, 1940
Other America, 60140, 1950
Other America, 22076, 1960
Other America, 603, 1970
Other America, 83, 1980
Other America, 37, 1990
Other America, 19, 2000
Other America, 4, 2010
Other America, 0, 2011
Other America, 0, 2012
Other America, 1, 2013
Africa, 19, 1820
Africa, 66, 1830
Africa, 67, 1840
Africa, 104, 1850
Africa, 458, 1860
Africa, 441, 1870
Africa, 768, 1880
Africa, 432, 1890
Africa, 6326, 1900
Africa, 8867, 1910
Africa, 6362, 1920
Africa, 2120, 1930
Africa, 6720, 1940
Africa, 13016, 1950
Africa, 23780, 1960
Africa, 71405, 1970
Africa, 141987, 1980
Africa, 346410, 1990
Africa, 759734, 2000
Africa, 98246, 2010
Africa, 97429, 2011
Africa, 103685, 2012
Africa, 94589, 2013
Egypt, 0, 1820
Egypt, 0, 1830
Egypt, 0, 1840
Egypt, 5, 1850
Egypt, 8, 1860
Egypt, 29, 1870
Egypt, 145, 1880
Egypt, 51, 1890
Egypt, 0, 1900
Egypt, 0, 1910
Egypt, 1063, 1920
Egypt, 781, 1930
Egypt, 1613, 1940
Egypt, 1996, 1950
Egypt, 5581, 1960
Egypt, 23543, 1970
Egypt, 26744, 1980
Egypt, 44604, 1990
Egypt, 81564, 2000
Egypt, 9822, 2010
Egypt, 9096, 2011
Egypt, 10172, 2012
Egypt, 10719, 2013
Ethiopia, 0, 1820
Ethiopia, 0, 1830
Ethiopia, 0, 1840
Ethiopia, 0, 1850
Ethiopia, 0, 1860
Ethiopia, 0, 1870
Ethiopia, 0, 1880
Ethiopia, 0, 1890
Ethiopia, 0, 1900
Ethiopia, 0, 1910
Ethiopia, 0, 1920
Ethiopia, 10, 1930
Ethiopia, 28, 1940
Ethiopia, 302, 1950
Ethiopia, 804, 1960
Ethiopia, 2588, 1970
Ethiopia, 12927, 1980
Ethiopia, 40097, 1990
Ethiopia, 87207, 2000
Ethiopia, 13853, 2010
Ethiopia, 13985, 2011
Ethiopia, 15400, 2012
Ethiopia, 13484, 2013
Liberia, 1, 1820
Liberia, 8, 1830
Liberia, 5, 1840
Liberia, 7, 1850
Liberia, 43, 1860
Liberia, 52, 1870
Liberia, 21, 1880
Liberia, 9, 1890
Liberia, 0, 1900
Liberia, 0, 1910
Liberia, 0, 1920
Liberia, 35, 1930
Liberia, 37, 1940
Liberia, 289, 1950
Liberia, 841, 1960
Liberia, 2391, 1970
Liberia, 6420, 1980
Liberia, 13587, 1990
Liberia, 23316, 2000
Liberia, 2924, 2010
Liberia, 3117, 2011
Liberia, 3451, 2012
Liberia, 3036, 2013
Morocco, 0, 1820
Morocco, 4, 1830
Morocco, 1, 1840
Morocco, 0, 1850
Morocco, 0, 1860
Morocco, 15, 1870
Morocco, 12, 1880
Morocco, 9, 1890
Morocco, 0, 1900
Morocco, 0, 1910
Morocco, 0, 1920
Morocco, 110, 1930
Morocco, 1463, 1940
Morocco, 3293, 1950
Morocco, 2880, 1960
Morocco, 1967, 1970
Morocco, 3471, 1980
Morocco, 15768, 1990
Morocco, 40844, 2000
Morocco, 4847, 2010
Morocco, 4249, 2011
Morocco, 3534, 2012
Morocco, 3202, 2013
South Africa, 0, 1820
South Africa, 0, 1830
South Africa, 0, 1840
South Africa, 0, 1850
South Africa, 79, 1860
South Africa, 48, 1870
South Africa, 23, 1880
South Africa, 9, 1890
South Africa, 0, 1900
South Africa, 0, 1910
South Africa, 0, 1920
South Africa, 312, 1930
South Africa, 1022, 1940
South Africa, 2278, 1950
South Africa, 4360, 1960
South Africa, 10002, 1970
South Africa, 15505, 1980
South Africa, 21964, 1990
South Africa, 32221, 2000
South Africa, 2705, 2010
South Africa, 2754, 2011
South Africa, 2960, 2012
South Africa, 2693, 2013
Other Africa, 18, 1820
Other Africa, 54, 1830
Other Africa, 61, 1840
Other Africa, 92, 1850
Other Africa, 328, 1860
Other Africa, 297, 1870
Other Africa, 567, 1880
Other Africa, 354, 1890
Other Africa, 6326, 1900
Other Africa, 8867, 1910
Other Africa, 5299, 1920
Other Africa, 872, 1930
Other Africa, 2557, 1940
Other Africa, 4858, 1950
Other Africa, 9314, 1960
Other Africa, 30914, 1970
Other Africa, 76920, 1980
Other Africa, 210390, 1990
Other Africa, 494582, 2000
Other Africa, 64095, 2010
Other Africa, 64228, 2011
Other Africa, 68168, 2012
Other Africa, 61455, 2013
Oceania, 2, 1820
Oceania, 1, 1830
Oceania, 3, 1840
Oceania, 110, 1850
Oceania, 107, 1860
Oceania, 9094, 1870
Oceania, 7341, 1880
Oceania, 3279, 1890
Oceania, 11677, 1900
Oceania, 12339, 1910
Oceania, 9860, 1920
Oceania, 3240, 1930
Oceania, 14262, 1940
Oceania, 11319, 1950
Oceania, 23659, 1960
Oceania, 39983, 1970
Oceania, 41432, 1980
Oceania, 56800, 1990
Oceania, 65793, 2000
Oceania, 5946, 2010
Oceania, 5825, 2011
Oceania, 5573, 2012
Oceania, 6061, 2013
Australia, 2, 1820
Australia, 1, 1830
Australia, 2, 1840
Australia, 104, 1850
Australia, 96, 1860
Australia, 8933, 1870
Australia, 7250, 1880
Australia, 3098, 1890
Australia, 11191, 1900
Australia, 11280, 1910
Australia, 8404, 1920
Australia, 2260, 1930
Australia, 11201, 1940
Australia, 8275, 1950
Australia, 14986, 1960
Australia, 18708, 1970
Australia, 16901, 1980
Australia, 24288, 1990
Australia, 32728, 2000
Australia, 3077, 2010
Australia, 3062, 2011
Australia, 3146, 2012
Australia, 3529, 2013
New Zealand, 0, 1820
New Zealand, 0, 1830
New Zealand, 0, 1840
New Zealand, 2, 1850
New Zealand, 6, 1860
New Zealand, 39, 1870
New Zealand, 21, 1880
New Zealand, 12, 1890
New Zealand, 0, 1900
New Zealand, 0, 1910
New Zealand, 935, 1920
New Zealand, 790, 1930
New Zealand, 2351, 1940
New Zealand, 1799, 1950
New Zealand, 3775, 1960
New Zealand, 5018, 1970
New Zealand, 6129, 1980
New Zealand, 8600, 1990
New Zealand, 12495, 2000
New Zealand, 1046, 2010
New Zealand, 1006, 2011
New Zealand, 980, 2012
New Zealand, 1027, 2013
Other Oceania, 0, 1820
Other Oceania, 0, 1830
Other Oceania, 1, 1840
Other Oceania, 4, 1850
Other Oceania, 5, 1860
Other Oceania, 122, 1870
Other Oceania, 70, 1880
Other Oceania, 169, 1890
Other Oceania, 486, 1900
Other Oceania, 1059, 1910
Other Oceania, 521, 1920
Other Oceania, 190, 1930
Other Oceania, 710, 1940
Other Oceania, 1245, 1950
Other Oceania, 4898, 1960
Other Oceania, 16257, 1970
Other Oceania, 18402, 1980
Other Oceania, 23912, 1990
Other Oceania, 20570, 2000
Other Oceania, 1823, 2010
Other Oceania, 1757, 2011
Other Oceania, 1447, 2012
Other Oceania, 1505, 2013
Not Specified, 19173, 1820
Not Specified, 83495, 1830
Not Specified, 7196, 1840
Not Specified, 71442, 1850
Not Specified, 15472, 1860
Not Specified, 592, 1870
Not Specified, 778, 1880
Not Specified, 14112, 1890
Not Specified, 33493, 1900
Not Specified, 488, 1910
Not Specified, 930, 1920
Not Specified, 0, 1930
Not Specified, 135, 1940
Not Specified, 12472, 1950
Not Specified, 119, 1960
Not Specified, 326, 1970
Not Specified, 305406, 1980
Not Specified, 25928, 1990
Not Specified, 211930, 2000
Not Specified, 5814, 2010
Not Specified, 6217, 2011
Not Specified, 9265, 2012
Not Specified, 10127, 2013
